subreddit,author,eigenvector_centrality
Metal,FutureWeapon,0.2728586409885808
Metal,whoelsebut_rxe,0.2394996146354539
Metal,WowboyKid,0.21542784862436523
Metal,kaptain_carbon,0.2034773194016606
Metal,hermaphroditicspork,0.19067320144633387
Metal,Towering_Flesh,0.18812040081308146
Metal,Anish316,0.18358153672836314
Metal,sardonic_malcontent,0.17414223105762008
Metal,impop,0.17402799067132094
Metal,an_altar_of_plagues,0.1704240724178929
hiphopheads,MoMo_ToTo,0.29979055279478256
hiphopheads,47Breezo,0.2773225560950502
hiphopheads,colbster411,0.24312644187277793
hiphopheads,TheRoyalGodfrey,0.23938301175695045
hiphopheads,A_KULT_KILLAH,0.21597528699492338
hiphopheads,leetcode4life,0.20990612752089097
hiphopheads,RafiakaMacakaDirk,0.19854944464976934
hiphopheads,Homiealmaya,0.1932081202441333
hiphopheads,grinchnight14,0.19142911216172337
hiphopheads,PLS_PM_ME_PUSSY_PICS,0.19140521292715965
indieheads,PaulaAbdulJabar,0.36877188744115724
indieheads,InSearchOfGoodPun,0.2671099442293911
indieheads,WaneLietoc,0.2370169201269749
indieheads,MorrisFae,0.21193659875385915
indieheads,mqr53,0.20554384911136658
indieheads,idontreallycare4,0.1960626722784246
indieheads,joshuatx,0.17150958360273677
indieheads,chug-a-lug-donna,0.15550517701015093
indieheads,Tadevos,0.1539629508321316
indieheads,MIArular,0.14705360418753266
popheads,McIgglyTuffMuffin,0.4087955838553967
popheads,thoeoe,0.23731308724508712
popheads,joshually,0.2332337408489477
popheads,Ghost-Quartet,0.23057905135206416
popheads,KLJohnnes,0.18286033958337208
popheads,LittleMixHistory,0.17292807927538678
popheads,cloudbustingmp3,0.13660789713360866
popheads,outsideeyess,0.1358750874229552
popheads,Dangerousteenageboy,0.13526528815797004
popheads,zagreux,0.1299460159675538
