subreddit,author,pagerank
Metal,FutureWeapon,0.00736656364798272
Metal,kaptain_carbon,0.007036872351044594
Metal,whoelsebut_rxe,0.006326825232560429
Metal,Anish316,0.005610151200764743
Metal,Towering_Flesh,0.005606884304872089
Metal,sardonic_malcontent,0.004867366949062962
Metal,hermaphroditicspork,0.004768726523974368
Metal,an_altar_of_plagues,0.0047180673807564735
Metal,the_cramdown,0.004697916235641632
Metal,notyourlandlord,0.00469763538225242
hiphopheads,TheRoyalGodfrey,0.007358076487833078
hiphopheads,RafiakaMacakaDirk,0.00361937575625023
hiphopheads,Vadermaulkylo,0.003358358895156985
hiphopheads,47Breezo,0.0028564412350266756
hiphopheads,MoMo_ToTo,0.002741444519325095
hiphopheads,PLS_PM_ME_PUSSY_PICS,0.002345530188600438
hiphopheads,A_KULT_KILLAH,0.0023092296340098536
hiphopheads,Awhile2,0.0022633280290145566
hiphopheads,Supercoolemu,0.002241727202892899
hiphopheads,colbster411,0.002239592093588937
indieheads,PaulaAbdulJabar,0.007588559876900206
indieheads,InSearchOfGoodPun,0.006654910124859557
indieheads,plzaskmeaboutloom,0.0048017900327883
indieheads,idontreallycare4,0.004585113758871918
indieheads,seaofblasphemy,0.00412747002544048
indieheads,mqr53,0.004106413888689883
indieheads,Yoooooouuuuuuuu,0.004079329889920965
indieheads,ReconEG,0.0036840502192159357
indieheads,joshuatx,0.0034135632637662785
indieheads,MorrisFae,0.0033401325100880412
popheads,McIgglyTuffMuffin,0.010033432115082565
popheads,joshually,0.007808757853832764
popheads,KLJohnnes,0.006462908444392233
popheads,Ghost-Quartet,0.006164809496220497
popheads,akanewasright,0.005160007182527576
popheads,zagreux,0.004669506605465075
popheads,Bordersz,0.004449754471435914
popheads,impeccabletim,0.004243797695253465
popheads,musicaldigger,0.004191107600693767
popheads,Dangerousteenageboy,0.0040475166603984964
